x0,y0,z0,x1,y1,z1,x2,y2,z2,x3,y3,z3,x4,y4,z4,x5,y5,z5,x6,y6,z6,x7,y7,z7,x8,y8,z8,x9,y9,z9,x10,y10,z10,x11,y11,z11,x12,y12,z12,x13,y13,z13,x14,y14,z14,x15,y15,z15,x16,y16,z16,x17,y17,z17,x18,y18,z18,x19,y19,z19,x20,y20,z20,x21,y21,z21,x22,y22,z22,x23,y23,z23,x24,y24,z24,x25,y25,z25,x26,y26,z26,x27,y27,z27,x28,y28,z28,x29,y29,z29,x30,y30,z30,x31,y31,z31,x32,y32,z32,label
0.5784626603126526,0.8067510724067688,-0.4643138349056244,0.5898038744926453,0.7835738062858582,-0.4564785361289978,0.5925570726394653,0.7845037579536438,-0.4564678966999054,0.5955209732055664,0.7859833240509033,-0.4565823376178741,0.5792179703712463,0.7693862915039062,-0.4826876819133758,0.5739532709121704,0.7603873610496521,-0.4826622009277344,0.5683932900428772,0.7502503991127014,-0.4825496971607208,0.5880513787269592,0.7718774080276489,-0.3514928519725799,0.5484949946403503,0.718458354473114,-0.4704881012439728,0.5706538558006287,0.8289291262626648,-0.4152337610721588,0.5587644577026367,0.8115799427032471,-0.4495836794376373,0.5386141538619995,0.8026988506317139,-0.2112821489572525,0.4879611432552337,0.7683983445167542,-0.4356216490268707,0.5357521772384644,0.8658185005187988,-0.0781149789690971,0.4991089403629303,0.8719743490219116,-0.4903956949710846,0.5761348605155945,0.9033489227294922,-0.0481665655970573,0.5640637874603271,0.8714445233345032,-0.4859854876995086,0.5897596478462219,0.9082790017127992,-0.0455576069653034,0.5819234848022461,0.8734387755393982,-0.5192437767982483,0.5930810570716858,0.9092778563499452,-0.0603280253708362,0.5849782824516296,0.8553584814071655,-0.5082315802574158,0.583968460559845,0.9095125198364258,-0.0549166873097419,0.5782665014266968,0.8579605221748352,-0.4839572608470917,0.3702360391616821,0.8889918923377991,0.0589209757745265,0.3474361598491668,0.8554694056510925,-0.0588577277958393,0.2933779656887054,0.9699520468711852,0.183848887681961,0.2779616713523865,0.9228891134262084,0.0788653790950775,0.2244177162647247,0.986168622970581,0.3971139192581177,0.2089190632104873,0.963056981563568,0.2852182984352112,0.2113590389490127,0.9782877564430236,0.4187020063400268,0.1947397291660308,0.9603925943374634,0.306815505027771,0.2074007391929626,1.030902862548828,0.404673308134079,0.1965600103139877,1.038184404373169,0.2801132500171661,pushupsbad
0.5848444700241089,0.8241485953330994,-0.3061172664165497,0.5938557982444763,0.795569896697998,-0.3026623427867889,0.594981849193573,0.7941200733184814,-0.3027527928352356,0.5960767865180969,0.7925364971160889,-0.3029575049877167,0.5875217914581299,0.7886436581611633,-0.3313042223453522,0.5835645794868469,0.7812677025794983,-0.3312913477420807,0.5788867473602295,0.7719869017601013,-0.3312002718448639,0.5774608254432678,0.7603059411048889,-0.2300197929143905,0.556393563747406,0.7323976755142212,-0.3568788766860962,0.5738433599472046,0.8385708332061768,-0.2692050337791443,0.5647960901260376,0.8268190622329712,-0.3058046400547027,0.5263062119483948,0.7573350667953491,-0.1097201257944107,0.4900320172309875,0.8140624165534973,-0.351827323436737,0.5421097278594971,0.8039323091506958,0.0515376739203929,0.5027469396591187,0.9177820682525636,-0.2965632677078247,0.5673076510429382,0.8200632333755493,0.1340963244438171,0.5762578845024109,0.8888824582099915,-0.1100652143359184,0.5800744295120239,0.830263078212738,0.1368356645107269,0.5992520451545715,0.8874903917312622,-0.1229035556316375,0.5808704495429993,0.8324929475784302,0.1261200606822967,0.6007317900657654,0.8550859689712524,-0.1215818300843238,0.5725971460342407,0.837478518486023,0.1286611258983612,0.5907498002052307,0.8556973934173584,-0.1079283505678176,0.3290019333362579,0.8718889951705933,0.0809822976589202,0.3119553029537201,0.8990615010261536,-0.0806680843234062,0.2753947079181671,0.9700707197189332,0.3182596266269684,0.2375873476266861,0.980517327785492,0.1485742032527923,0.2182778567075729,0.9694517850875854,0.5625132322311401,0.1853121668100357,0.9786663055419922,0.3603959083557129,0.2056528925895691,0.957069218158722,0.5885897874832153,0.1695081889629364,0.9585779309272766,0.3848421275615692,0.215722307562828,1.010714769363403,0.5968542098999023,0.1963580548763275,1.0516127347946167,0.3591919541358948,pushupsbad
0.5800812244415283,0.8103082776069641,-0.5001330971717834,0.5910171866416931,0.7870428562164307,-0.4858564734458923,0.5939236283302307,0.7882814407348633,-0.4857901334762573,0.5970858931541443,0.7899412512779236,-0.4858750700950622,0.580299437046051,0.7724194526672363,-0.5179328322410583,0.5747453570365906,0.7621346712112427,-0.5179557204246521,0.5693069100379944,0.7522523403167725,-0.517871081829071,0.5887104272842407,0.778399646282196,-0.3550337851047516,0.5497696995735168,0.7225451469421387,-0.4992904961109161,0.5727620720863342,0.8332366347312927,-0.4416527450084686,0.5610873103141785,0.8153353929519653,-0.4833526909351349,0.5338066816329956,0.8246279358863831,-0.1830862313508987,0.4846872389316559,0.7724052667617798,-0.4710127115249634,0.5277367830276489,0.8840391039848328,-0.0232425890862941,0.4950109422206878,0.8387888669967651,-0.5171012282371521,0.5677989721298218,0.8946231007575989,0.0346770770847797,0.5599272847175598,0.8150765299797058,-0.465957909822464,0.5793218016624451,0.8930630683898926,0.0461862087249755,0.5781396627426147,0.8091529011726379,-0.4900616705417633,0.5834534168243408,0.8927438855171204,0.0416279584169387,0.5788794159889221,0.7952060699462891,-0.4776524603366852,0.5756869912147522,0.8945335149765015,0.0320761315524578,0.5721107125282288,0.8001103401184082,-0.4617480039596557,0.3539371490478515,0.9109100103378296,0.0804181769490242,0.3307604193687439,0.8735515475273132,-0.0803793892264366,0.3044390082359314,1.001749038696289,0.2794243097305298,0.277953952550888,0.9548883438110352,0.1108201593160629,0.2376527935266494,0.9701618552207948,0.5346589684486389,0.2093518376350402,0.952549695968628,0.3439037203788757,0.2247772514820099,0.9547474980354308,0.5609395503997803,0.1922243684530258,0.941429615020752,0.3684809505939483,0.2198904603719711,1.0079944133758545,0.5635073781013489,0.2016345411539077,1.0228254795074463,0.3429090678691864,pushupsbad
0.5798773169517517,0.8154389262199402,-0.5039094090461731,0.5908460021018982,0.7961815595626831,-0.4831153750419616,0.5938178896903992,0.7990586161613464,-0.4830781519412994,0.596803605556488,0.8010427355766296,-0.4831528961658478,0.5810160040855408,0.7782706022262573,-0.5095903873443604,0.576461672782898,0.7684069275856018,-0.5095919370651245,0.5719001293182373,0.7581956386566162,-0.5094980597496033,0.5912216305732727,0.7892605662345886,-0.3366052806377411,0.5538074374198914,0.7220823764801025,-0.4553985893726349,0.5720945000648499,0.8370287418365479,-0.4427672028541565,0.56090247631073,0.8171093463897705,-0.4771485328674316,0.5440174341201782,0.8484652042388916,-0.1738940179347992,0.4957964718341827,0.7482622265815735,-0.4290723800659179,0.553331196308136,0.9168579578399658,-0.0671396702527999,0.5064329504966736,0.8433865904808044,-0.5543476939201355,0.6027547121047974,0.9450653195381165,-0.056005023419857,0.5771043300628662,0.8305347561836243,-0.61429762840271,0.6181291937828064,0.9536285400390624,-0.0478561595082283,0.5969377160072327,0.823360800743103,-0.6519355773925781,0.6198350787162781,0.9530657529830932,-0.0584280155599117,0.597498893737793,0.8151301741600037,-0.6353097558021545,0.6104452013969421,0.9498936533927916,-0.0618076175451278,0.5907646417617798,0.8231126070022583,-0.6111519932746887,0.3797737956047058,0.9114581942558287,0.0635202154517173,0.3543331921100616,0.8348338007926941,-0.0636547580361366,0.3202802538871765,1.0078829526901243,0.0075975819490849,0.2871134877204895,0.8733123540878296,-0.1372643560171127,0.2290060222148895,1.0070760250091553,0.1979568749666214,0.2010470479726791,0.9669564962387084,0.0720386058092117,0.2118678539991378,0.9912533164024352,0.2142722159624099,0.188054084777832,0.974869430065155,0.0904601067304611,0.2036301046609878,1.0658162832260132,0.161917358636856,0.1679075807332992,1.0382368564605713,0.0239148866385221,pushupsbad
0.5658460259437561,0.7846155166625977,-0.3749716877937317,0.5815086364746094,0.7889819741249084,-0.3698801100254059,0.5852186679840088,0.7902665734291077,-0.3699002265930176,0.5804481506347656,0.7976595163345337,-0.3699971437454223,0.5768498778343201,0.7683766484260559,-0.3771764039993286,0.5752933025360107,0.7582020163536072,-0.3772000670433044,0.5740942358970642,0.7470898032188416,-0.3771398961544037,0.5767451524734497,0.8004704117774963,-0.2966050207614898,0.5671952962875366,0.7276492714881897,-0.3289221823215484,0.5563284158706665,0.7966857552528381,-0.342222511768341,0.5502674579620361,0.7731655240058899,-0.3515813052654266,0.5348551273345947,0.8206568360328674,-0.2186690121889114,0.5234056115150452,0.7189556360244751,-0.2456532418727874,0.4968628287315368,0.8971642255783081,-0.1359817385673523,0.5008878707885742,0.7364413142204285,-0.1252868324518203,0.4608300626277923,0.929210126399994,-0.1028872579336166,0.5221707224845886,0.747636079788208,0.018650921061635,0.4509610831737518,0.9426157474517822,-0.0972213894128799,0.5281281471252441,0.753407895565033,0.0345644131302833,0.4514819681644439,0.9345827102661132,-0.1121736839413642,0.5293996334075928,0.7449074387550354,0.0295028332620859,0.4529273211956024,0.9270003437995912,-0.1065269410610199,0.5257890224456787,0.7460422515869141,0.0209843646734952,0.4262733161449432,0.8093511462211609,0.0127960266545414,0.4145914614200592,0.7572625875473022,-0.012831118889153,0.3863769471645355,0.8983373641967773,0.1143223568797111,0.3676161468029022,0.8449128866195679,0.085230216383934,0.3256108462810516,0.9021083116531372,0.2959967851638794,0.3065541684627533,0.8580212593078613,0.2635853290557861,0.3159074485301971,0.8923516273498535,0.3143374621868133,0.2967807352542877,0.8540454506874084,0.2826957106590271,0.2986015677452087,0.933093249797821,0.2963805198669433,0.2795073688030243,0.8916686773300171,0.2631513774394989,pushupsbad
0.5787155032157898,0.8191804885864258,-0.5874689817428589,0.5897906422615051,0.7995874285697937,-0.5722818970680237,0.5929595232009888,0.8025172352790833,-0.5722073912620544,0.5964704155921936,0.8040186762809753,-0.5722845196723938,0.579597532749176,0.7807586789131165,-0.596702516078949,0.5751453042030334,0.7707580327987671,-0.5967239141464233,0.5708080530166626,0.760127604007721,-0.5966350436210632,0.5908914804458618,0.8208918571472168,-0.4334353804588318,0.5537297129631042,0.7213597297668457,-0.5438483357429504,0.5709422826766968,0.8385118842124939,-0.5270067453384399,0.5589055418968201,0.8168255686759949,-0.5590484738349915,0.5468844771385193,0.8394875526428223,-0.2638448178768158,0.4930979609489441,0.7527297735214233,-0.4956166446208954,0.563040018081665,0.9005749821662903,-0.1205243319272995,0.5008379220962524,0.8247947096824646,-0.5947005748748779,0.6054096221923828,0.924677073955536,-0.0935659632086753,0.5645479559898376,0.8093124032020569,-0.661830484867096,0.6190346479415894,0.9294785857200624,-0.0908941924571991,0.5829983353614807,0.8012842535972595,-0.7048578262329102,0.619463324546814,0.928711712360382,-0.101088210940361,0.5850513577461243,0.7942337393760681,-0.6942869424819946,0.6106456518173218,0.927407443523407,-0.098953828215599,0.5784581899642944,0.8013521432876587,-0.6619908213615417,0.3861601650714874,0.891080379486084,0.0609422251582145,0.3616531491279602,0.8286575078964233,-0.0610869750380516,0.3232748210430145,0.9750994443893432,0.2505814731121063,0.2901016175746918,0.8833759427070618,0.1511988341808319,0.2602286338806152,0.9555950164794922,0.5373601317405701,0.2319642454385757,0.9144681692123412,0.4201428592205047,0.2490858882665634,0.939328670501709,0.5660418272018433,0.2203101813793182,0.9089004397392272,0.4468837678432464,0.236858457326889,1.0057616233825684,0.5427075624465942,0.2114656716585159,0.9935474395751952,0.3982731401920318,pushupsbad
0.5783984065055847,0.8147556781768799,-0.4601214230060577,0.5899941921234131,0.796401858329773,-0.4407843947410583,0.5927613973617554,0.7985609769821167,-0.440747320652008,0.5958036184310913,0.8009352087974548,-0.4408220648765564,0.5809625387191772,0.7798649072647095,-0.4698021113872528,0.5768547654151917,0.7701001167297363,-0.4698007702827453,0.5730017423629761,0.7607799172401428,-0.4696948826313019,0.5893758535385132,0.7859472036361694,-0.300449937582016,0.5560951232910156,0.7239297032356262,-0.4307970106601715,0.5695772767066956,0.8334207534790039,-0.4005350768566131,0.5599269270896912,0.8149394989013672,-0.4383235871791839,0.5343335270881653,0.8343385457992554,-0.1321612745523452,0.4971069693565368,0.7522724270820618,-0.4146470129489898,0.5356882214546204,0.8925502300262451,-0.0055536618456244,0.5117331743240356,0.8357837200164795,-0.5286027193069458,0.5804455876350403,0.9218581914901732,0.0279598422348499,0.576201319694519,0.8277530670166016,-0.5776004791259766,0.5931845903396606,0.9274975657463074,0.042153026908636,0.5947897434234619,0.8209205269813538,-0.6138707399368286,0.597066342830658,0.9276529550552368,0.0311037227511405,0.5949321389198303,0.8127134442329407,-0.5961296558380127,0.5891726016998291,0.9266851544380188,0.0229082386940717,0.5882587432861328,0.8194485902786255,-0.5738193988800049,0.3681659400463104,0.8917955160140991,0.0786233469843864,0.3477422893047333,0.8279594779014587,-0.0788006260991096,0.3122366070747375,0.9880762100219728,0.084162913262844,0.2850062549114227,0.8757021427154541,-0.0855722725391388,0.2249529510736465,0.9750396609306335,0.2779794931411743,0.2020455747842788,0.940875768661499,0.1282791942358017,0.2089490294456482,0.9561749696731568,0.2954795658588409,0.187037318944931,0.9402686953544616,0.1479657739400863,0.2001946121454239,1.0321378707885742,0.2574551999568939,0.1770787239074707,1.0209671258926392,0.0925402715802192,pushupsbad
0.5798696875572205,0.8204531073570251,-0.4462848305702209,0.591117799282074,0.7993719577789307,-0.4324501454830169,0.5930662155151367,0.7997081279754639,-0.432392954826355,0.5951917767524719,0.8004416227340698,-0.4324975311756134,0.5837863683700562,0.7882487177848816,-0.466653048992157,0.5797814130783081,0.7789859771728516,-0.4665896594524383,0.5749799013137817,0.7667178511619568,-0.4665160775184631,0.5847252011299133,0.7784318327903748,-0.3043670654296875,0.5550621151924133,0.726883053779602,-0.4580951631069183,0.5699737668037415,0.8361129760742188,-0.3886468708515167,0.5607424378395081,0.8198880553245544,-0.433194637298584,0.5334388613700867,0.8378905653953552,-0.135614812374115,0.4945104718208313,0.7608343362808228,-0.4343419671058655,0.5430527329444885,0.8732411861419678,0.0367855429649353,0.5111621618270874,0.8184635043144226,-0.4986478388309479,0.5942363739013672,0.8684122562408447,0.1185537204146385,0.579272985458374,0.8094152212142944,-0.4699261486530304,0.6059336066246033,0.86224365234375,0.1361682265996933,0.5987563729286194,0.8055626153945923,-0.4971108436584472,0.6106159687042236,0.8618491291999817,0.1335260570049286,0.5974806547164917,0.7947177886962891,-0.4785633385181427,0.6035866141319275,0.8640664219856262,0.1171317398548126,0.5909687280654907,0.8001993298530579,-0.4643996655941009,0.3496760725975036,0.9149060249328612,0.0835655480623245,0.3299404978752136,0.8552489280700684,-0.0835565105080604,0.2944370210170746,1.0184046030044556,0.211269661784172,0.2634292244911194,0.9160175919532776,0.0392657667398452,0.225550577044487,1.009325623512268,0.4779179692268371,0.2030034959316253,0.9610289335250854,0.31937375664711,0.2125081121921539,0.9917502999305724,0.5041372179985046,0.1894493401050567,0.9551941156387328,0.3483210802078247,0.2021505981683731,1.0622767210006714,0.4874168038368225,0.1872571557760238,1.0401240587234497,0.3133074939250946,pushupsbad
0.5819312930107117,0.8184534907341003,-0.3057474792003631,0.591754674911499,0.7958599925041199,-0.2945232093334198,0.5936946272850037,0.7956829071044922,-0.2945713400840759,0.5956933498382568,0.7952450513839722,-0.2947182953357696,0.5844512581825256,0.7873983383178711,-0.3288102149963379,0.580473005771637,0.7801154851913452,-0.3287148475646972,0.5759442448616028,0.77091383934021,-0.328610211610794,0.5834538340568542,0.7733592987060547,-0.1989888846874237,0.5550073385238647,0.7335071563720703,-0.3514424562454223,0.5719931721687317,0.8346148729324341,-0.261557787656784,0.5628378391265869,0.8211808800697327,-0.305548757314682,0.5254886150360107,0.807473361492157,-0.0699747279286384,0.4905030429363251,0.7745251059532166,-0.360097736120224,0.5317066311836243,0.849937379360199,0.0748570412397384,0.4984717965126037,0.8678759932518005,-0.3560857772827148,0.5842856168746948,0.869608461856842,0.1198248565196991,0.5703743696212769,0.8688952326774597,-0.2407866269350052,0.5973877310752869,0.8677781224250793,0.1239750161767005,0.5904722809791565,0.8730416297912598,-0.2622649669647217,0.6021743416786194,0.8679044246673584,0.114475317299366,0.5932199954986572,0.8540613055229187,-0.2536677420139313,0.5939006805419922,0.8691057562828064,0.1135803908109664,0.5856752991676331,0.8544758558273315,-0.2368912547826767,0.3429087698459625,0.8929532170295715,0.084701657295227,0.3248907923698425,0.862844705581665,-0.0844236761331558,0.2856111824512481,0.9986736178398132,0.2470487654209137,0.2562229037284851,0.9414781332015992,0.0854324549436569,0.2117631286382675,1.0028074979782104,0.4628407657146454,0.1880375295877456,0.976798951625824,0.2979815602302551,0.1961140632629394,0.9861459136009216,0.483670026063919,0.1695813089609146,0.9682345986366272,0.3193621933460235,0.1989750862121582,1.064936280250549,0.4726575314998626,0.1849800050258636,1.0557281970977783,0.2815504074096679,pushupsbad
0.578898012638092,0.8185250163078308,-0.4355293810367584,0.5912961959838867,0.7969076037406921,-0.42514768242836,0.5934668183326721,0.7981977462768555,-0.4252102971076965,0.595625102519989,0.7997357845306396,-0.4253988862037658,0.5817137360572815,0.7853151559829712,-0.4530487656593323,0.5751398801803589,0.7736058831214905,-0.4529787898063659,0.5682181715965271,0.7608184218406677,-0.4529184401035309,0.5842812061309814,0.779116153717041,-0.3116101622581482,0.5500347018241882,0.7249360084533691,-0.4353905916213989,0.5696130990982056,0.8351188898086548,-0.3833585083484649,0.5550451278686523,0.8179086446762085,-0.4193255305290222,0.5371230840682983,0.8106045722961426,-0.1740009039640426,0.4865410625934601,0.7745055556297302,-0.404867947101593,0.5539914965629578,0.8572942018508911,-0.0435381010174751,0.4925974905490875,0.865399181842804,-0.478381335735321,0.5949976444244385,0.8734024167060852,0.0013828077353537,0.5644498467445374,0.8522297143936157,-0.4806751906871795,0.6064879298210144,0.8710482120513916,0.0019010563846677,0.5845226049423218,0.8537611961364746,-0.5122907161712646,0.6082130670547485,0.8701290488243103,-0.0041967229917645,0.588087797164917,0.8287171125411987,-0.502392590045929,0.6001254916191101,0.8715165853500366,-0.0022948682308197,0.580910325050354,0.8323177695274353,-0.4792723357677459,0.3472974598407745,0.8913673162460327,0.0800394862890243,0.3250385522842407,0.8625937104225159,-0.0798231363296508,0.2904077768325805,1.0191800594329834,0.237034872174263,0.2560620903968811,0.9696627259254456,0.092527374625206,0.2146725803613662,1.0284725427627563,0.4620272815227508,0.1876022219657898,1.0153015851974487,0.2978993356227875,0.2002344131469726,1.0101391077041626,0.4836115539073944,0.1696425080299377,1.003193974494934,0.3193593323230743,0.1990611553192138,1.0970022678375244,0.4720301628112793,0.1815837025642395,1.108634114265442,0.2816581726074219,pushupsbad
0.5772020220756531,0.8113758563995361,-0.6230287551879883,0.589568555355072,0.7911018133163452,-0.6075673699378967,0.5935248136520386,0.7947598099708557,-0.6074714064598083,0.5977030992507935,0.7985851764678955,-0.6075169444084167,0.5773633122444153,0.7699345350265503,-0.6268271207809448,0.5728088617324829,0.7604403495788574,-0.6268866062164307,0.5687057375907898,0.7512592673301697,-0.6267985701560974,0.5952609777450562,0.8269818425178528,-0.4645611345767975,0.5528735518455505,0.7163751125335693,-0.5520502924919128,0.5705592632293701,0.8355016708374023,-0.5622053146362305,0.5569267868995667,0.811771810054779,-0.5872964859008789,0.5562083125114441,0.8607839941978455,-0.2914533913135528,0.4968331754207611,0.7454943060874939,-0.4775547087192535,0.5751399397850037,0.923794686794281,-0.1751362234354019,0.4882337749004364,0.7904806137084961,-0.5280064344406128,0.6132000088691711,0.9721689820289612,-0.1614611148834228,0.5355766415596008,0.7659015655517578,-0.563304603099823,0.6280238032341003,0.9871668815612792,-0.1585430204868316,0.5481736660003662,0.7529446482658386,-0.5907878875732422,0.6259609460830688,0.987866997718811,-0.1740493327379226,0.5504504442214966,0.7534467577934265,-0.5863941311836243,0.61653733253479,0.9820801615715028,-0.1696293652057647,0.5462919473648071,0.7629299163818359,-0.5637097954750061,0.4069558978080749,0.9123565554618835,0.0391623117029666,0.381950318813324,0.8221495747566223,-0.0391764119267463,0.3370220959186554,0.9669814705848694,0.1700807064771652,0.3054794371128082,0.8140114545822144,0.0907159894704818,0.2730608582496643,0.9309266805648804,0.4307287633419037,0.2401181608438491,0.8046977519989014,0.3373300433158874,0.2631154358386993,0.914734184741974,0.4548729658126831,0.2299686074256897,0.804456889629364,0.3604361712932586,0.2431998252868652,0.9569631814956664,0.4124138653278351,0.2095085829496383,0.8444833755493164,0.2994143664836883,pushupsbad
0.5791493654251099,0.8119611740112305,-0.5034137964248657,0.590672492980957,0.7909520864486694,-0.4935576021671295,0.5947167873382568,0.7935172915458679,-0.4935534596443176,0.5990819931030273,0.7955017685890198,-0.4936406314373016,0.5782992243766785,0.7722782492637634,-0.5202863812446594,0.5735491514205933,0.7630200982093811,-0.5203569531440735,0.5692760944366455,0.7540438175201416,-0.5203326344490051,0.5950692296028137,0.8067450523376465,-0.386096179485321,0.5534906983375549,0.7245758771896362,-0.5065992474555969,0.5730488896369934,0.8352689146995544,-0.4540747404098511,0.559887707233429,0.8135137557983398,-0.4889241755008697,0.5533653497695923,0.8136921525001526,-0.2505925893783569,0.4939205348491668,0.7920178174972534,-0.4627112448215484,0.5698108673095703,0.864657461643219,-0.1217094361782074,0.4879361689090729,0.893665075302124,-0.499454528093338,0.6093598008155823,0.8869411945343018,-0.0985843762755394,0.5432693362236023,0.8953720927238464,-0.4989495575428009,0.6241521239280701,0.8860119581222534,-0.109353631734848,0.5592406392097473,0.8985490202903748,-0.5398209095001221,0.6233510375022888,0.8861432075500488,-0.1225398629903793,0.5651086568832397,0.8790869116783142,-0.5360296964645386,0.6145908236503601,0.8899412155151367,-0.1059702932834625,0.5593889355659485,0.8797008395195007,-0.5007783770561218,0.3898086249828338,0.8860355615615845,0.0575675703585147,0.3680804967880249,0.8608382940292358,-0.0575315915048122,0.3237492740154266,0.942819118499756,0.2829122841358185,0.3063631057739258,0.9432843327522278,0.1645025759935379,0.2561131417751312,0.9477190971374512,0.5493174195289612,0.23858243227005,0.942703366279602,0.4105139374732971,0.2423155903816223,0.9433757066726683,0.5768682956695557,0.2222847789525985,0.9294969439506532,0.436488538980484,0.2431875020265579,0.9834246635437012,0.5649873614311218,0.229260042309761,1.0116392374038696,0.4071498215198517,pushupsbad
0.5791081786155701,0.8120443224906921,-0.4778205454349518,0.5908518433570862,0.7909970283508301,-0.4683051705360412,0.5949990749359131,0.7935062646865845,-0.4683403670787811,0.5994645357131958,0.795396625995636,-0.4684610068798065,0.5784070491790771,0.7732347846031189,-0.4929582178592682,0.5736106038093567,0.7638291120529175,-0.4929990768432617,0.5692930817604065,0.754687488079071,-0.4929110109806061,0.5950787663459778,0.7874007225036621,-0.3608213365077972,0.5535717010498047,0.7263575792312622,-0.4714710414409637,0.5731258392333984,0.8351855874061584,-0.4280687272548675,0.5600318908691406,0.8137872219085693,-0.4598640203475952,0.547684371471405,0.7844645380973816,-0.2169284224510193,0.492203414440155,0.8043854236602783,-0.441832035779953,0.5645946860313416,0.8421583771705627,-0.08208579570055,0.4877532720565796,0.9324368238449096,-0.4494917094707489,0.6065638065338135,0.8754201531410217,-0.0683313831686973,0.5506778955459595,0.9551885724067688,-0.396727055311203,0.6228783130645752,0.875287652015686,-0.0810973718762397,0.5688821077346802,0.9650716185569764,-0.4358090758323669,0.6224848031997681,0.8747336864471436,-0.095673993229866,0.5754892826080322,0.9412931203842164,-0.4322711229324341,0.613264799118042,0.8787848949432373,-0.0767415761947631,0.5682528614997864,0.937974750995636,-0.3978331983089447,0.3752066493034363,0.8584359288215637,0.0699983537197113,0.3579193651676178,0.8651161193847656,-0.0699745267629623,0.3101134598255157,0.9129651784896852,0.3211225569248199,0.3043087422847748,0.9633313417434692,0.1806962490081787,0.2504944503307342,0.94153493642807,0.5734022855758667,0.2391281127929687,0.9525615572929382,0.4140498042106628,0.235910102725029,0.9391893744468688,0.5998227596282959,0.2231716513633728,0.933957576751709,0.4397033452987671,0.2459436357021331,0.9786832332611084,0.5919285416603088,0.240265280008316,1.022243857383728,0.4189564883708954,pushupsbad
0.5793830156326294,0.814026951789856,-0.482846051454544,0.5912654995918274,0.7920294404029846,-0.4736827909946441,0.5952682495117188,0.7938030362129211,-0.4737276136875152,0.5996020436286926,0.7954446077346802,-0.4738640487194061,0.579808235168457,0.7770902514457703,-0.5005320310592651,0.5752466917037964,0.7679371237754822,-0.5005450248718262,0.5708267688751221,0.7580402493476868,-0.5004177093505859,0.5933141708374023,0.7935534715652466,-0.3658790290355682,0.5551735162734985,0.7285045385360718,-0.4853716492652893,0.5731697082519531,0.835398256778717,-0.4324761033058166,0.560743510723114,0.8148320317268372,-0.4672404825687408,0.5428900122642517,0.7687076330184937,-0.2178590148687362,0.4907054305076599,0.8104307055473328,-0.4497838020324707,0.5577408075332642,0.8264393210411072,-0.0697284862399101,0.4901681244373321,0.9365693926811218,-0.4527159035205841,0.6008036136627197,0.8755871653556824,-0.0505885630846023,0.5607004165649414,0.9615443348884584,-0.3859101831912994,0.6178988814353943,0.8782597780227661,-0.0623376742005348,0.5812467932701111,0.9719312787055968,-0.4243406057357788,0.6179179549217224,0.8780097961425781,-0.080434113740921,0.5873568654060364,0.9458798766136168,-0.420871764421463,0.6081264615058899,0.8815256357192993,-0.0600108355283737,0.578903317451477,0.9417284727096558,-0.3865852057933807,0.3674404323101043,0.845294177532196,0.0777399167418479,0.3495297133922577,0.8665239214897156,-0.0777375251054763,0.2966287732124328,0.922948122024536,0.3355212211608886,0.289003849029541,0.983080804347992,0.1819629222154617,0.231382131576538,0.953501522541046,0.5963137149810791,0.2216223776340484,0.981852114200592,0.4226283133029938,0.2153528034687042,0.9475476145744324,0.6237281560897827,0.2041055560111999,0.9630855917930604,0.4494724571704864,0.2314359992742538,1.0114860534667969,0.6149864792823792,0.2374815791845321,1.0574276447296145,0.4266808629035949,pushupsbad
0.5797057747840881,0.814848005771637,-0.4804121851921081,0.5915638208389282,0.7925897240638733,-0.4679973423480987,0.5954054594039917,0.794089138507843,-0.4680384397506714,0.5996249914169312,0.7955284118652344,-0.468192458152771,0.5804185271263123,0.7782176733016968,-0.4994207322597503,0.5757823586463928,0.7688695788383484,-0.4994217455387115,0.5711643695831299,0.7585065960884094,-0.4993089139461517,0.5917691588401794,0.7956221699714661,-0.3505387604236603,0.555240273475647,0.7280250787734985,-0.4900345802307129,0.5731273293495178,0.8353980183601379,-0.4265294969081878,0.5608224272727966,0.8149736523628235,-0.4672386944293976,0.539991021156311,0.77732914686203,-0.1928517669439315,0.4900306761264801,0.8038071393966675,-0.4529493749141693,0.5530546307563782,0.8350643515586853,-0.0261088404804468,0.4996036291122436,0.9252156615257264,-0.4600874483585357,0.5951339602470398,0.8800044059753418,0.0072130383923649,0.576007068157196,0.9443349242210388,-0.4490823149681091,0.6107586622238159,0.8831583857536316,0.0023906279820948,0.5983577966690063,0.9539191126823424,-0.487705647945404,0.6121444702148438,0.8823281526565552,-0.0144800376147031,0.6029555201530457,0.9281890392303468,-0.4812932014465332,0.6028692722320557,0.884844958782196,-0.0012256071204319,0.5940234661102295,0.9251932501792908,-0.4486426115036011,0.3608222901821136,0.8527475595474243,0.0839614197611808,0.3407751619815826,0.8656686544418335,-0.0840356275439262,0.3000012636184692,0.95895916223526,0.3355425894260406,0.2878755033016205,0.9984652996063232,0.1726811975240707,0.2324911057949066,1.0058822631835938,0.5988942980766296,0.2183902114629745,1.014699101448059,0.4199417531490326,0.2175065577030182,0.997642695903778,0.6265890002250671,0.2002166956663131,0.9986323714256288,0.4468788802623749,0.226835012435913,1.0729116201400757,0.6187066435813904,0.2340346276760101,1.0994722843170166,0.4227954149246216,pushupsbad
0.5816503167152405,0.8181234002113342,-0.5150795578956604,0.5922492146492004,0.7928858399391174,-0.5059283971786499,0.5957116484642029,0.7940824031829834,-0.5059601664543152,0.5996398329734802,0.7949894666671753,-0.5061113238334656,0.5816701650619507,0.7810527682304382,-0.5335416793823242,0.5769590735435486,0.7725218534469604,-0.5335782170295715,0.5722165703773499,0.763002872467041,-0.5334975123405457,0.5898165106773376,0.7878679037094116,-0.3540787100791931,0.5552684664726257,0.7312137484550476,-0.5359563827514648,0.5744580030441284,0.836404025554657,-0.4630981087684631,0.5631389021873474,0.8189888000488281,-0.4989027082920074,0.5419124364852905,0.7763485908508301,-0.249686524271965,0.4802020490169525,0.8135414719581604,-0.4874358177185058,0.5543526411056519,0.8391258716583252,-0.0854355916380882,0.4725690186023712,0.9413069486618042,-0.4641028344631195,0.6004875302314758,0.8893789052963257,-0.0386604331433773,0.5486764907836914,0.9694231748580932,-0.3731587827205658,0.6208102703094482,0.8916033506393433,-0.0823706239461898,0.5708265900611877,0.9831358790397644,-0.4050437808036804,0.618480384349823,0.892706573009491,-0.0985392406582832,0.5829511284828186,0.9533932209014891,-0.4012269973754883,0.6073887944221497,0.8958311080932617,-0.0444208532571792,0.5736632943153381,0.9479819536209106,-0.372356116771698,0.3625264763832092,0.856942355632782,0.0830398574471473,0.3359384834766388,0.8721821308135986,-0.0829868093132972,0.2999118566513061,0.962329089641571,0.3486620783805847,0.2777908146381378,0.999639093875885,0.1942393630743026,0.2369364947080612,0.9932645559310912,0.6627728939056396,0.2167223840951919,0.9968013167381288,0.4776910841464996,0.2241489589214325,0.9848958253860474,0.697128415107727,0.2019005715847015,0.9738501906394958,0.5101728439331055,0.2294970452785492,1.0515216588974,0.6848458051681519,0.231621652841568,1.080479860305786,0.4800616204738617,pushupsbad
0.5754209756851196,0.8102077841758728,-0.5950339436531067,0.5880584716796875,0.7957033514976501,-0.5791862607002258,0.5912145376205444,0.8006733655929565,-0.5791763067245483,0.5943048000335693,0.8053346276283264,-0.579301118850708,0.578211784362793,0.7725797295570374,-0.594266951084137,0.5743629932403564,0.7617486119270325,-0.5943568348884583,0.5713608264923096,0.75099116563797,-0.5943045020103455,0.5855253338813782,0.8282111287117004,-0.4512586593627929,0.5614566206932068,0.7165493369102478,-0.521921694278717,0.5659288763999939,0.8291687369346619,-0.5425027012825012,0.5544175505638123,0.7992503046989441,-0.5626477003097534,0.5301488637924194,0.890347421169281,-0.3275255262851715,0.5044372081756592,0.7154121398925781,-0.3765645325183868,0.4867344200611114,0.9810183048248292,-0.2442675679922104,0.4754593074321747,0.7004244923591614,-0.1799647361040115,0.4482064843177795,1.057162880897522,-0.2644717097282409,0.4905812442302704,0.6770051717758179,0.0235283002257347,0.4393707811832428,1.0856080055236816,-0.2595019340515136,0.4934445321559906,0.6717070937156677,0.0518942847847938,0.4398779571056366,1.0778658390045166,-0.2881440818309784,0.4957779347896576,0.6638967990875244,0.0432694293558597,0.4410524666309356,1.0609885454177856,-0.2761232554912567,0.4947275519371032,0.6701263785362244,0.0271244514733552,0.4044115841388702,0.903778910636902,-0.0037669984158128,0.3898122012615204,0.8031011819839478,0.0038922342937439,0.3407928645610809,0.948173463344574,0.0013331486843526,0.3238411545753479,0.8076290488243103,-0.0054956306703388,0.2802865207195282,0.9440124034881592,0.3183874785900116,0.2670549750328064,0.875878095626831,0.3017695248126983,0.2680636346340179,0.938068389892578,0.3471080064773559,0.259429007768631,0.8972760438919067,0.3285429775714874,0.2500447928905487,0.960928440093994,0.2900752425193786,0.227805957198143,0.8818166255950928,0.2541859745979309,pushupsbad
0.5750812888145447,0.8150250315666199,-0.5593010783195496,0.5876529216766357,0.7997801899909973,-0.5414357781410217,0.5905936360359192,0.8030768036842346,-0.5414525270462036,0.5936040878295898,0.8061981797218323,-0.5415515303611755,0.5789943933486938,0.7811154127120972,-0.5598688721656799,0.5758339166641235,0.7736732363700867,-0.5599443912506104,0.572775661945343,0.7646554708480835,-0.559929609298706,0.5861018300056458,0.825519859790802,-0.4087078273296356,0.5617275834083557,0.7298257946968079,-0.4942571818828583,0.5655832886695862,0.8302237391471863,-0.5050302743911743,0.554955244064331,0.8084086179733276,-0.529423177242279,0.5326874256134033,0.8771001100540161,-0.2742488086223602,0.5030947327613831,0.7219123840332031,-0.3655219972133636,0.4834087491035461,0.952247440814972,-0.1454204022884369,0.4764177203178406,0.7277085185050964,-0.1858270615339279,0.4402173161506653,1.0122578144073486,-0.1395053565502166,0.4960491061210632,0.7140046954154968,0.0083198444917798,0.4291132092475891,1.0376118421554563,-0.1330867260694503,0.499462753534317,0.7118739485740662,0.0274387039244174,0.4297400712966919,1.0311708450317385,-0.1640048176050186,0.50227290391922,0.7014674544334412,0.0133935902267694,0.4320658147335052,1.015689730644226,-0.1518008857965469,0.5010173916816711,0.7049888372421265,0.0089073646813631,0.4004065692424774,0.8992449045181274,0.013593228533864,0.382987916469574,0.8022944331169128,-0.0134260784834623,0.3351577222347259,0.9570962190628052,-0.0217431597411632,0.3220708668231964,0.8147940635681152,-0.0882079377770423,0.2604790329933166,0.9440374374389648,0.2526634931564331,0.2478910833597183,0.8828389644622803,0.1932606399059295,0.2457633167505264,0.9312411546707152,0.2764571607112884,0.2362775355577469,0.8975657820701599,0.216770201921463,0.2310586869716644,0.9768007397651672,0.2113871574401855,0.2117796093225479,0.9117641448974608,0.1330243647098541,pushupsbad
0.575933575630188,0.8132845759391785,-0.6131578087806702,0.587891161441803,0.794212281703949,-0.595781147480011,0.5914197564125061,0.7992591857910156,-0.5956898927688599,0.5950846076011658,0.8016666173934937,-0.5957272052764893,0.5772377848625183,0.7723398804664612,-0.6138895750045776,0.572934091091156,0.7620012760162354,-0.6139810085296631,0.5690911412239075,0.7517781853675842,-0.6139312386512756,0.5886558294296265,0.838139533996582,-0.4503798484802246,0.5550130009651184,0.7173247933387756,-0.5338963866233826,0.5686647295951843,0.8338638544082642,-0.552619218826294,0.5558539628982544,0.8096743822097778,-0.5764738917350769,0.5480059385299683,0.8809195160865784,-0.2924287021160126,0.495848536491394,0.7362992763519287,-0.4491237699985504,0.5790610909461975,0.9482330083847046,-0.2086163610219955,0.4822922945022583,0.7609995007514954,-0.5006560683250427,0.6269497275352478,0.9853684902191162,-0.2118570804595947,0.520758867263794,0.7287623882293701,-0.5581225156784058,0.6431897878646851,1.000574827194214,-0.2127322405576706,0.529880166053772,0.7136784195899963,-0.5836231112480164,0.6413035988807678,0.9971831440925598,-0.2269686907529831,0.5322396755218506,0.7164446711540222,-0.5839210152626038,0.6316769123077393,0.990361988544464,-0.2201048284769058,0.5293922424316406,0.7276187539100647,-0.5605543255805969,0.4005973637104034,0.9173163175582886,0.0316459611058235,0.3798102438449859,0.8138527274131775,-0.0316338837146759,0.3304571211338043,0.956475019454956,0.0567889288067817,0.3033525645732879,0.7908691763877869,-0.0308601930737495,0.2639518678188324,0.9218329787254332,0.3177289962768554,0.2408447116613388,0.8007311820983887,0.2336479127407074,0.2527115941047668,0.905307412147522,0.3405380249023437,0.2325344383716583,0.8072074055671692,0.2571169734001159,0.2334712594747543,0.9488998055458068,0.2785817682743072,0.2045327723026275,0.8308205008506775,0.1818107217550277,pushupsbad
0.5760652422904968,0.8118562698364258,-0.6150206327438354,0.589699923992157,0.7919356226921082,-0.5982351303100586,0.5948923230171204,0.7969278693199158,-0.5981637835502625,0.5994173884391785,0.7997516989707947,-0.5982258915901184,0.5771981477737427,0.7692394852638245,-0.6211717128753662,0.572376549243927,0.7577102184295654,-0.6212802529335022,0.5679895281791687,0.7464745044708252,-0.6212775111198425,0.5968130826950073,0.804006814956665,-0.4518356323242187,0.5541507601737976,0.7166519165039062,-0.5579303503036499,0.5698297619819641,0.8336275815963745,-0.552977442741394,0.555899441242218,0.8091278076171875,-0.5818474292755127,0.5483201146125793,0.8580634593963623,-0.2839783430099487,0.4964728951454162,0.7483990788459778,-0.493809312582016,0.5622045993804932,0.9285205006599426,-0.1639454513788223,0.4921431243419647,0.7914172410964966,-0.5054776072502136,0.6030723452568054,0.9415300488471984,-0.1621685922145843,0.5420552492141724,0.7465854287147522,-0.4813453257083893,0.6161730885505676,0.9452216029167176,-0.1683285385370254,0.5561772584915161,0.7324051260948181,-0.5065240263938904,0.6179254651069641,0.9411525130271912,-0.1770654022693634,0.5571091175079346,0.7257359623908997,-0.5086252689361572,0.6102806329727173,0.9402220845222472,-0.1687323451042175,0.5523172616958618,0.7345542907714844,-0.483485072851181,0.3901712298393249,0.9075078964233398,0.0516040660440921,0.3695425391197204,0.8341500759124756,-0.0516539923846721,0.3274276554584503,0.9512506723403932,0.2749043107032776,0.3053916096687317,0.8854309320449829,0.1666856259107589,0.2649233937263489,0.9407103061676024,0.5773847103118896,0.2421113401651382,0.9068756103515624,0.4551085531711578,0.2537139654159546,0.9340193271636964,0.6076803803443909,0.2316410690546035,0.8973067998886108,0.4843141138553619,0.2449008077383041,0.9722262024879456,0.5852449536323547,0.2271894812583923,0.9896714687347412,0.4423626363277435,pushupsbad
0.5785955786705017,0.8123283982276917,-0.5090181827545166,0.5917626023292542,0.7910578846931458,-0.4956850111484527,0.5969752073287964,0.7949879765510559,-0.4956894218921661,0.6015276312828064,0.7970596551895142,-0.4957910776138305,0.5779448747634888,0.7692664265632629,-0.5251892805099487,0.5729745030403137,0.758106529712677,-0.5252465009689331,0.5681020617485046,0.7467493414878845,-0.5252236127853394,0.5962567925453186,0.7851229906082153,-0.3751662373542785,0.5541598200798035,0.7206926345825195,-0.5098952054977417,0.5733147263526917,0.8342202305793762,-0.4550130665302276,0.5584420561790466,0.8106865286827087,-0.4935927093029022,0.5485662817955017,0.8094896674156189,-0.2274532616138458,0.4954058825969696,0.7887850999832153,-0.4816019237041473,0.565085768699646,0.8644429445266724,-0.0992403775453567,0.5019548535346985,0.907632291316986,-0.5580351948738098,0.6046183109283447,0.8995480537414551,-0.1045994013547897,0.5727767944335938,0.902506947517395,-0.6034922003746033,0.6198830008506775,0.903563916683197,-0.1178816333413124,0.5917410254478455,0.902761936187744,-0.6589818596839905,0.6244505643844604,0.9027170538902284,-0.1370805650949478,0.5969525575637817,0.8840518593788147,-0.6519488096237183,0.6165016293525696,0.9048470258712769,-0.1152020245790481,0.5900734066963196,0.8859986662864685,-0.6057754755020142,0.3800041377544403,0.8807142972946167,0.0733165889978408,0.357017457485199,0.8540558218955994,-0.0734551697969436,0.3162498772144317,0.9514989852905272,0.2655059397220611,0.3005632162094116,0.9335291981697084,0.1310976296663284,0.2487649023532867,0.9559216499328612,0.5576027035713196,0.2285717576742172,0.9363408088684082,0.4036974310874939,0.2359144538640976,0.9481936693191528,0.588183581829071,0.2110986858606338,0.9196608662605286,0.4325810372829437,0.2419108748435974,0.9967941641807556,0.577182412147522,0.2229971140623092,1.016397476196289,0.4014960825443268,pushupsbad
0.5793960690498352,0.8125913739204407,-0.4876305162906647,0.5923066735267639,0.7900435328483582,-0.4769295454025268,0.5971975326538086,0.7929291129112244,-0.4769506156444549,0.6015917658805847,0.7946122288703918,-0.4770664274692535,0.5786119103431702,0.7697367668151855,-0.5060915350914001,0.5735646486282349,0.759363055229187,-0.5061232447624207,0.5683104991912842,0.7483354806900024,-0.5060725212097168,0.5955978631973267,0.7799911499023438,-0.3649003207683563,0.5539835691452026,0.7238219380378723,-0.4965427815914154,0.5743761658668518,0.834586501121521,-0.4360930621623993,0.559886634349823,0.8129853010177612,-0.4739521741867065,0.5475054383277893,0.7912607789039612,-0.2133206874132156,0.4911274313926697,0.8063241243362427,-0.4741895794868469,0.5650236010551453,0.8502371311187744,-0.0726586431264877,0.4982132315635681,0.9376559853553772,-0.5011681318283081,0.6071192622184753,0.888470470905304,-0.0603615418076515,0.5636166930198669,0.9486657977104188,-0.4468239247798919,0.6230247616767883,0.8923264741897583,-0.071457490324974,0.5819870233535767,0.9562363028526306,-0.488676369190216,0.623958170413971,0.8923059701919556,-0.088082879781723,0.5868783593177795,0.9329441785812378,-0.4825524687767029,0.6149613857269287,0.8945702314376831,-0.0694178417325019,0.5799453258514404,0.9307064414024352,-0.4468197226524353,0.3698622286319732,0.8689851760864258,0.0830474868416786,0.3455821871757507,0.8679381012916565,-0.0830909684300422,0.3100437223911285,0.9516491889953612,0.3341450691223144,0.2959310114383697,0.9808855056762696,0.1674604713916778,0.2465192377567291,0.966163456439972,0.6095053553581238,0.2293878048658371,0.971783459186554,0.4295424520969391,0.2328490167856216,0.9571136236190796,0.639141321182251,0.2126466929912567,0.9490280747413636,0.4586108028888702,0.2412440329790115,1.0217068195343018,0.6385257840156555,0.2293853461742401,1.0580759048461914,0.4419512450695038,pushupsbad
0.5921550393104553,0.8177536725997925,-0.2760694324970245,0.5985432267189026,0.7908511757850647,-0.2843343019485473,0.5995622277259827,0.7895100116729736,-0.2844769656658172,0.6004859209060669,0.7881622910499573,-0.2846895456314087,0.5909054279327393,0.7848941683769226,-0.3132445514202118,0.5858898758888245,0.778445303440094,-0.3132082819938659,0.5801864862442017,0.771452784538269,-0.3132019937038421,0.5817338824272156,0.7670184373855591,-0.2393243908882141,0.5515563488006592,0.7397198677062988,-0.3693368136882782,0.5809445977210999,0.8319145441055298,-0.246877059340477,0.570412814617157,0.8255847692489624,-0.2842968106269836,0.545987069606781,0.7733929753303528,-0.1492676585912704,0.503804087638855,0.8493401408195496,-0.3515609800815582,0.5758573412895203,0.8503904342651367,-0.0291657429188489,0.5645743012428284,0.987602949142456,-0.3541999161243438,0.6027665734291077,0.902226746082306,0.0282889176160097,0.6177878975868225,0.9561185240745544,-0.2636115849018097,0.6149054765701294,0.8966411352157593,0.0276529733091592,0.6344937086105347,0.9511122107505798,-0.2842320501804352,0.6120272278785706,0.9078083634376526,0.0210948474705219,0.6323686242103577,0.9260652661323548,-0.2804014384746551,0.6018813252449036,0.9148781299591064,0.0253588370978832,0.6241858601570129,0.9313742518424988,-0.2634760737419128,0.3442341983318329,0.9747495055198668,0.0651764348149299,0.3161072134971618,0.9888484477996826,-0.0648751407861709,0.2785035669803619,1.091500163078308,0.2534622550010681,0.2324465215206146,1.0672436952590942,0.114869900047779,0.1967678964138031,1.0661749839782717,0.4538993537425995,0.1559414714574813,1.0781906843185425,0.2993708550930023,0.1834367662668228,1.0515989065170288,0.4756001234054565,0.137595072388649,1.0671427249908447,0.3186456859111786,0.1848007887601852,1.1016106605529783,0.4821124076843261,0.1581625044345855,1.136110544204712,0.2891016900539398,pushupsbad
0.5811311602592468,0.774746298789978,-0.2657640874385834,0.5865145325660706,0.742862343788147,-0.2609633207321167,0.5870640277862549,0.739836573600769,-0.261142760515213,0.5875151753425598,0.7365294098854065,-0.2614005804061889,0.5793491005897522,0.7395197153091431,-0.3017503023147583,0.5746492743492126,0.733538806438446,-0.3017764985561371,0.5696360468864441,0.7270038723945618,-0.3018719851970672,0.5677555799484253,0.7116515636444092,-0.1775352656841278,0.5478256940841675,0.7017797827720642,-0.3595210611820221,0.5699413418769836,0.7861751317977905,-0.2248413115739822,0.5608529448509216,0.7812030911445618,-0.2772415578365326,0.5341331958770752,0.7751412391662598,-0.0637439489364624,0.494733989238739,0.7840239405632019,-0.382049411535263,0.5526101589202881,0.8538179397583008,0.0574050359427928,0.5427173972129822,0.9659079313278198,-0.374055415391922,0.5925719738006592,0.8854238390922546,0.0875079110264778,0.6254184246063232,0.9342778325080872,-0.2339680343866348,0.6060059070587158,0.8799976706504822,0.0927883237600326,0.6490800380706787,0.9298499822616576,-0.2564446032047272,0.6062528491020203,0.8883026242256165,0.0764823481440544,0.6469574570655823,0.8987411260604858,-0.2509041130542755,0.5969493389129639,0.891435980796814,0.0789055302739143,0.6377636194229126,0.9035861492156982,-0.2319435179233551,0.29515540599823,0.9525432586669922,0.0865620672702789,0.2726961672306061,0.911042869091034,-0.086372971534729,0.1941338628530502,1.0555497407913208,0.2545428276062011,0.1412193477153778,0.8850879073143005,0.0712201744318008,0.1513664722442627,0.9313339591026306,0.5795618891716003,0.0987421944737434,0.8486253619194031,0.3813671767711639,0.1534506976604461,0.9017202854156494,0.6182164549827576,0.0950610339641571,0.8257810473442078,0.418076604604721,0.1233180835843086,0.9271528720855712,0.6565597653388977,0.0811463594436645,0.8985049724578857,0.4149515926837921,pushupsbad
0.581199049949646,0.7762110233306885,-0.2095157504081726,0.5865306854248047,0.7428621053695679,-0.1978925168514251,0.5870407223701477,0.7397254705429077,-0.1981340497732162,0.5873506665229797,0.7361013293266296,-0.1984300166368484,0.5798478722572327,0.7395204305648804,-0.2463960796594619,0.5753544569015503,0.7334513068199158,-0.246457427740097,0.5704218745231628,0.7267003059387207,-0.2465880364179611,0.5666214227676392,0.7070011496543884,-0.0986393839120864,0.5480159521102905,0.6998143792152405,-0.3131681084632873,0.5699406862258911,0.7874437570571899,-0.164507046341896,0.5610246062278748,0.7830521464347839,-0.2262609452009201,0.5240251421928406,0.7751301527023315,0.0050117643550038,0.4880867302417755,0.7770693302154541,-0.3700283467769623,0.5410957336425781,0.8538575768470764,0.0818837881088256,0.5178030133247375,0.96550315618515,-0.3746350109577179,0.5643520355224609,0.9242397546768188,0.0709824711084365,0.6028005480766296,0.9689446091651917,-0.233019545674324,0.5734618306159973,0.9298528432846068,0.0604226998984813,0.629105806350708,0.9749067425727844,-0.2586968243122101,0.5715116858482361,0.935918152332306,0.0335150994360446,0.6295831203460693,0.9441090822219848,-0.2526675462722778,0.5642864108085632,0.9353369474411012,0.0549326539039611,0.6192715764045715,0.9443584084510804,-0.2309969812631607,0.277567595243454,0.9502050280570984,0.1052168682217598,0.2561335265636444,0.9033454060554504,-0.104880042374134,0.1752352863550186,1.0718786716461182,0.2463140934705734,0.1189948543906211,0.8969587683677673,0.0621722191572189,0.1474318206310272,0.9311453700065612,0.6092664003372192,0.0943937748670578,0.8317114114761353,0.4235895574092865,0.1531857699155807,0.9009267687797546,0.6540459394454956,0.0946380347013473,0.7957996726036072,0.4682859778404236,0.1173702999949455,0.9207487106323242,0.6965856552124023,0.0773018449544906,0.8881330490112305,0.4740782976150512,pushupsbad
0.5792952179908752,0.7825616002082825,-0.2367157340049743,0.586589515209198,0.748069703578949,-0.2307164072990417,0.5877308249473572,0.7451261878013611,-0.2309286594390869,0.5886572003364563,0.741894543170929,-0.2311846762895584,0.5771636962890625,0.7434962391853333,-0.2729061543941498,0.5711439847946167,0.7362352013587952,-0.2729735672473907,0.5640371441841125,0.7274724841117859,-0.2730874717235565,0.5679336786270142,0.7175489664077759,-0.1471453458070755,0.5428618788719177,0.7042408585548401,-0.3356125056743622,0.568513035774231,0.7955434918403625,-0.1963468194007873,0.5562728047370911,0.7896419167518616,-0.2507388889789581,0.5237869620323181,0.7754101753234863,-0.0360689163208007,0.4942959249019623,0.7865341305732727,-0.3724832534790039,0.5540281534194946,0.8600314855575562,0.0557181239128112,0.5471327900886536,0.953521966934204,-0.3502122461795807,0.5876424312591553,0.905496060848236,0.0612015500664711,0.6149595975875854,0.9090526700019836,-0.1650341302156448,0.5984622836112976,0.9013811945915222,0.0636837035417556,0.6371780633926392,0.8969817757606506,-0.1815677136182785,0.5972700119018555,0.9076159000396729,0.0456320904195308,0.6320730447769165,0.8727174401283264,-0.1747104823589325,0.5888544321060181,0.9106337428092957,0.0511080436408519,0.6230443120002747,0.8806935548782349,-0.1609329581260681,0.2933205962181091,0.9791600108146667,0.0930953696370124,0.2690216600894928,0.9392647743225098,-0.0929396450519561,0.2062838226556778,1.1043509244918823,0.2441398948431015,0.1317460834980011,0.9509243369102478,0.0270262975245714,0.1716223508119583,0.9890109300613404,0.5909917950630188,0.122970350086689,0.8872259855270386,0.4056657254695892,0.1749434620141983,0.9619322419166564,0.6318320631980896,0.1261975914239883,0.8589880466461182,0.4507994949817657,0.1433934867382049,0.9892913699150084,0.676642119884491,0.1085995212197303,0.9320064187049866,0.473849207162857,pushupsbad
0.5821123123168945,0.78256756067276,-0.206583485007286,0.5885084271430969,0.7478857636451721,-0.1984910517930984,0.5889610648155212,0.7447066307067871,-0.1987547427415847,0.5892432928085327,0.7409684658050537,-0.1990672498941421,0.5819405913352966,0.7435122132301331,-0.2448241710662841,0.5775553584098816,0.7363825440406799,-0.244853675365448,0.5722476243972778,0.7278600931167603,-0.2449595481157302,0.5679082870483398,0.7098448872566223,-0.1147437542676925,0.5470706820487976,0.7011502385139465,-0.3199087083339691,0.5696399807929993,0.7955067753791809,-0.166525512933731,0.5604215860366821,0.7897268533706665,-0.225759357213974,0.5239809155464172,0.7572822570800781,-0.0177682340145111,0.4845697283744812,0.7794285416603088,-0.3700076937675476,0.5502251982688904,0.8273212909698486,0.0799304470419883,0.5234647393226624,0.9533531069755554,-0.3691383600234985,0.5756835341453552,0.9018673300743104,0.060807779431343,0.6042856574058533,0.9465371370315552,-0.2290824353694915,0.5853540897369385,0.90170156955719,0.052594106644392,0.6274728775024414,0.9538090229034424,-0.2573357224464416,0.5832634568214417,0.907684862613678,0.0279867239296436,0.6284500956535339,0.9212061166763306,-0.2577898800373077,0.5751221179962158,0.9102776050567628,0.0481026209890842,0.618653416633606,0.9193077087402344,-0.2291918843984604,0.2833616137504577,0.9474362134933472,0.1039349660277366,0.2555777430534363,0.9143425822257996,-0.1036957129836082,0.1925292015075683,1.101354718208313,0.2441205233335495,0.1244849041104316,0.9505587816238404,0.0450247786939144,0.1578151285648346,0.9721509218215942,0.5959264636039734,0.0996739938855171,0.8865230679512024,0.4053588807582855,0.1621100157499313,0.9403637647628784,0.6382052302360535,0.098290354013443,0.8538014888763428,0.449686199426651,0.1323827058076858,0.9754624962806702,0.6916199922561646,0.0908472687005996,0.9467929601669312,0.4681663811206817,pushupsbad
0.5825748443603516,0.7822731137275696,-0.1450506299734115,0.5889753103256226,0.7472198009490967,-0.1330344378948211,0.5891649723052979,0.7438539862632751,-0.133299320936203,0.5892690420150757,0.7397990226745605,-0.1336251199245453,0.5837352275848389,0.7432565689086914,-0.1824124008417129,0.5802404880523682,0.7363207340240479,-0.1824388653039932,0.5759550929069519,0.7278589010238647,-0.1825456917285919,0.5674372911453247,0.7055158019065857,-0.0457438193261623,0.5501107573509216,0.698370635509491,-0.2643361091613769,0.5696327090263367,0.7950118184089661,-0.1045644581317901,0.5612744092941284,0.7894748449325562,-0.1677053868770599,0.5124923586845398,0.7494612336158752,0.0598905496299266,0.4797804057598114,0.7678380608558655,-0.3398194313049316,0.5355779528617859,0.8289628028869629,0.1633074879646301,0.5172390341758728,0.938283622264862,-0.3627777993679046,0.5682251453399658,0.9019225835800172,0.1329922974109649,0.5923269987106323,0.9566868543624878,-0.2148434221744537,0.5776250958442688,0.9046478867530824,0.1245011165738105,0.6154915690422058,0.9673386216163636,-0.2436721920967102,0.5781170129776001,0.9090356826782228,0.0990654453635215,0.6189616322517395,0.9355320930480956,-0.241689994931221,0.5708652138710022,0.9103436470031738,0.117651417851448,0.6087572574615479,0.9312278032302856,-0.2137579321861267,0.2629915475845337,0.9240480661392212,0.1152358800172805,0.2438056915998459,0.9021046161651612,-0.1149352341890335,0.1765660345554351,1.0908924341201782,0.2698701620101928,0.1176387444138526,0.9727439880371094,0.0435236729681491,0.12960746884346,0.9731611609458924,0.6098192930221558,0.0798205807805061,0.9303048253059388,0.3841020762920379,0.1290878504514694,0.9425148367881776,0.6496855616569519,0.0749443545937538,0.894102156162262,0.4246816635131836,0.1111938208341598,0.989258348941803,0.6950043439865112,0.0738960057497024,1.0153348445892334,0.4300435483455658,pushupsbad
0.5830132365226746,0.7812361121177673,-0.1593450605869293,0.5890651941299438,0.7457921504974365,-0.1479628831148147,0.5891736745834351,0.742330014705658,-0.1481916457414627,0.5892385840415955,0.7381430864334106,-0.148477554321289,0.5841199159622192,0.7423156499862671,-0.1945347636938095,0.5807130932807922,0.7357730269432068,-0.1945774257183075,0.576555609703064,0.7276340126991272,-0.1946782320737838,0.5674065947532654,0.7042340040206909,-0.0589371398091316,0.5522940158843994,0.6976867318153381,-0.2655370235443115,0.5697952508926392,0.7939326763153076,-0.1183960065245628,0.5625056028366089,0.7888745069503784,-0.1778186410665512,0.5136067867279053,0.7512654066085815,0.0452904477715492,0.4805160164833069,0.7692614793777466,-0.3296309113502502,0.5333506464958191,0.8301537036895752,0.1423518061637878,0.5146992802619934,0.9415058493614196,-0.3284555375576019,0.5606178641319275,0.8976176977157593,0.1257698535919189,0.5887548923492432,0.9532291889190674,-0.1564394980669021,0.5683895349502563,0.903199017047882,0.118812970817089,0.6105363965034485,0.961146354675293,-0.1745684742927551,0.5688179731369019,0.906155526638031,0.0979600995779037,0.6127253770828247,0.9296409487724304,-0.1787026673555374,0.5622566342353821,0.9054463505744934,0.1128497943282127,0.6030541658401489,0.9268285036087036,-0.155887171626091,0.2657833695411682,0.9227553606033324,0.1127689257264137,0.2479326426982879,0.9053808450698853,-0.1125158593058586,0.1691462099552154,1.0588810443878174,0.2836465537548065,0.1190591603517532,0.9480076432228088,0.0814318433403968,0.1335469335317611,0.9103510975837708,0.6236053109169006,0.0888189375400543,0.8863658905029297,0.3877187967300415,0.1367395222187042,0.878900945186615,0.6638264060020447,0.0854293778538703,0.848119854927063,0.4294502139091491,0.1136147528886795,0.8947853446006775,0.7164294719696045,0.0808769911527633,0.954525887966156,0.438014954328537,pushupsbad
0.5833161473274231,0.7792034149169922,-0.1066944301128387,0.5890746712684631,0.7438168525695801,-0.095916636288166,0.5891703367233276,0.740447998046875,-0.0961331874132156,0.5891600251197815,0.736364483833313,-0.0964344814419746,0.584125280380249,0.7404569387435913,-0.1405163258314132,0.5806299448013306,0.7342550754547119,-0.1405328810214996,0.5763848423957825,0.7265074253082275,-0.1406421363353729,0.5674617886543274,0.7040390372276306,-0.0102660292759537,0.5537827610969543,0.6972102522850037,-0.2078542858362198,0.5699294805526733,0.7917490005493164,-0.0664054602384567,0.5632619261741638,0.786953866481781,-0.1231830865144729,0.5143577456474304,0.7502908110618591,0.1009038463234901,0.4889663755893707,0.7702663540840149,-0.2815313339233398,0.5237426161766052,0.829192042350769,0.2247498780488968,0.5121366381645203,0.941232681274414,-0.2672419250011444,0.5491703152656555,0.8956010937690735,0.247293010354042,0.5832404494285583,0.949826955795288,-0.0764146000146865,0.5552648901939392,0.9030175805091858,0.250179648399353,0.6043213605880737,0.9522634744644164,-0.0870711728930473,0.5573353171348572,0.905518352985382,0.2288329452276229,0.605046272277832,0.9222648739814758,-0.0918062552809715,0.5518409609794617,0.903406023979187,0.2355042099952697,0.5959223508834839,0.9220180511474608,-0.0749665424227714,0.2689875066280365,0.9156901836395264,0.112377643585205,0.2525367140769958,0.901744544506073,-0.1121551766991615,0.1621924191713333,1.0568008422851562,0.2587570250034332,0.1201622709631919,0.9387566447257996,0.0802688226103782,0.1236555427312851,0.921502411365509,0.6195541620254517,0.0839908346533775,0.8871341347694397,0.3686830699443817,0.1279545426368713,0.8913059830665588,0.6590598821640015,0.0797658339142799,0.8513402938842773,0.4090495407581329,0.098082810640335,0.9104060530662536,0.7081958651542664,0.0744097530841827,0.9547164440155028,0.4138668179512024,pushupsbad
0.5832910537719727,0.7790820002555847,-0.116524837911129,0.5890215635299683,0.7435131072998047,-0.1191261261701583,0.5890571475028992,0.7401633858680725,-0.1193809658288955,0.5889414548873901,0.7361020445823669,-0.1195107623934745,0.5839704871177673,0.7402146458625793,-0.1712313741445541,0.5803138613700867,0.7340648174285889,-0.1713039427995681,0.5758658647537231,0.7264509201049805,-0.1714907139539718,0.567065954208374,0.7037985324859619,-0.0408129878342151,0.5534057021141052,0.6971955299377441,-0.2494224160909652,0.5699247121810913,0.7917336821556091,-0.0758548751473426,0.5631027817726135,0.7869322896003723,-0.1494665443897247,0.5144950747489929,0.7509943246841431,0.0923587307333946,0.4880052208900451,0.7723263502120972,-0.3058992028236389,0.5199729204177856,0.8309640288352966,0.1763396561145782,0.5057425498962402,0.9414958357810974,-0.2974880635738373,0.5446401238441467,0.895828127861023,0.1497792601585388,0.5847887396812439,0.9486081600189208,-0.1276122629642486,0.5522924065589905,0.9032964110374452,0.1369746476411819,0.607704222202301,0.9556203484535216,-0.1354056298732757,0.5543402433395386,0.9055105447769164,0.1180849969387054,0.6080948710441589,0.9215973615646362,-0.142723262310028,0.5480005741119385,0.903495728969574,0.1387128084897995,0.5986185073852539,0.9202301502227784,-0.1278387457132339,0.2702749073505401,0.9093942046165466,0.1113940179347992,0.2557413578033447,0.9046409726142884,-0.1111799776554107,0.169302761554718,1.057207107543945,0.2184602469205856,0.1309632807970047,0.971506416797638,0.0513958744704723,0.1297735571861267,0.933117151260376,0.5309216380119324,0.0873126834630966,0.9242542386054992,0.2665325403213501,0.1320002526044845,0.9034816026687622,0.5664008259773254,0.0808746665716171,0.8886880278587341,0.2965299785137176,0.1058353707194328,0.9261943101882936,0.6100100874900818,0.0768346339464187,0.9923297762870787,0.2900871932506561,pushupsbad
0.5832539200782776,0.7789002656936646,-0.1403121650218963,0.5890510678291321,0.7433522343635559,-0.1417987793684005,0.5890703797340393,0.7400261759757996,-0.1420652568340301,0.5889406800270081,0.735995888710022,-0.1422533988952636,0.584122896194458,0.740121603012085,-0.1910234242677688,0.5806661248207092,0.7340512871742249,-0.1910831779241562,0.5765931010246277,0.7264878153800964,-0.1912455856800079,0.5670661926269531,0.7036049962043762,-0.0611925832927227,0.554057776927948,0.697221577167511,-0.2617884576320648,0.5699238181114197,0.7916288375854492,-0.0995136424899101,0.5631916522979736,0.7868495583534241,-0.1693599671125412,0.5146579146385193,0.7443240880966187,0.069489911198616,0.4880098402500152,0.7784271240234375,-0.3134674727916717,0.517379641532898,0.8300296068191528,0.1179420128464698,0.5079390406608582,0.9418504238128662,-0.3067920506000519,0.5360663533210754,0.8959969878196716,0.0581998154520988,0.5848154425621033,0.9542095065116882,-0.1579818725585937,0.543160080909729,0.905359387397766,0.044683001935482,0.6077778339385986,0.9660321474075316,-0.1728965789079666,0.5448982119560242,0.906970739364624,0.0236154571175575,0.6085435748100281,0.9309967756271362,-0.1777715533971786,0.538529098033905,0.9045142531394958,0.0450616851449012,0.5985909104347229,0.9264448881149292,-0.1580320447683334,0.2708946764469147,0.8991221189498901,0.1087796464562416,0.2558390200138092,0.906388819217682,-0.1085845455527305,0.1723129600286483,1.0286129713058472,0.2275382727384567,0.1336445659399032,0.9696342349052428,0.0583964586257934,0.1430457979440689,0.8888899683952332,0.5526692271232605,0.0880158618092536,0.9194396138191224,0.2883335947990417,0.1471372097730636,0.8608606457710266,0.5902746915817261,0.0801062285900116,0.8846336603164673,0.3183009922504425,0.1398512870073318,0.8617068529129028,0.6408817768096924,0.0804991275072097,0.9881917238235474,0.3149824738502502,pushupsbad
0.5829161405563354,0.7787006497383118,-0.153258815407753,0.5888765454292297,0.7433316707611084,-0.145906388759613,0.5888528227806091,0.7400208711624146,-0.1461406052112579,0.5886507630348206,0.7360072731971741,-0.1464077830314636,0.584051251411438,0.7400598526000977,-0.1916098445653915,0.5804862380027771,0.7340035438537598,-0.1916437298059463,0.5763412117958069,0.7264696359634399,-0.1917610019445419,0.5668762922286987,0.7035626173019409,-0.0603571943938732,0.5539083480834961,0.6968895792961121,-0.2579290270805359,0.5696583390235901,0.7912734746932983,-0.1126584187150001,0.5631685256958008,0.7863867878913879,-0.1728498935699463,0.5143131017684937,0.7455835342407227,0.0528517700731754,0.4889089167118072,0.7795144319534302,-0.3166875839233398,0.5187231302261353,0.8305890560150146,0.1400811076164245,0.5127071142196655,0.9482290744781494,-0.309379369020462,0.5422483086585999,0.8973252177238464,0.1052213460206985,0.589128315448761,0.9585623145103456,-0.1887495368719101,0.5500220060348511,0.9066147804260254,0.0965380668640136,0.6114089488983154,0.9679015278816224,-0.2118865102529525,0.5516536831855774,0.9080522060394288,0.0700596943497657,0.6125389933586121,0.934090256690979,-0.2137009501457214,0.5453022718429565,0.9057023525238036,0.0904822722077369,0.6023821234703064,0.930429458618164,-0.1887979060411453,0.2691990435123443,0.9067173004150392,0.1091509386897087,0.2559074461460113,0.9065378904342652,-0.1089551895856857,0.1737422049045562,1.0297155380249023,0.2314266115427017,0.1334358751773834,0.9680446982383728,0.0568546503782272,0.1435613483190536,0.9086094498634338,0.5553738474845886,0.0898202285170555,0.9175252914428712,0.3092679977416992,0.1472586542367935,0.8803088068962097,0.593086302280426,0.0835255160927772,0.8836480379104614,0.3429652750492096,0.1388777941465377,0.8918949365615845,0.6450792551040649,0.0830513909459114,0.985247790813446,0.3441265821456909,pushupsbad
0.5825875401496887,0.7784727215766907,-0.1459104418754577,0.588642418384552,0.7432599067687988,-0.1353648006916046,0.5885664820671082,0.7399735450744629,-0.1355841159820556,0.5882921814918518,0.7359875440597534,-0.1358731389045715,0.5840076804161072,0.7399554252624512,-0.1790307462215423,0.5803672671318054,0.7339270710945129,-0.1790687143802642,0.5761224031448364,0.7264360189437866,-0.179157868027687,0.5666380524635315,0.7034910321235657,-0.0481789335608482,0.5537948608398438,0.6967228651046753,-0.2396737933158874,0.5694386959075928,0.7909971475601196,-0.1055851206183433,0.5631359219551086,0.7860236763954163,-0.1613972783088684,0.5139374136924744,0.7466930747032166,0.0569356232881546,0.4889920353889465,0.7791555523872375,-0.3016088604927063,0.5166680216789246,0.8310090899467468,0.1385335177183151,0.5119121670722961,0.9462352395057678,-0.3001083433628082,0.5386287569999695,0.8962127566337585,0.105818010866642,0.5881296992301941,0.9559277296066284,-0.1475519239902496,0.5455710887908936,0.9056957960128784,0.0968305319547653,0.610443115234375,0.964877426624298,-0.1625949293375015,0.5473610162734985,0.9069005846977234,0.0705967172980308,0.6113627552986145,0.9318251609802246,-0.1654814183712005,0.5414804816246033,0.9044509530067444,0.0914469212293624,0.6013080477714539,0.928331732749939,-0.1465459614992141,0.267685979604721,0.905916690826416,0.1092007532715797,0.2555097937583923,0.9049049615859984,-0.1090060174465179,0.1647483706474304,1.0404895544052124,0.2218433022499084,0.1283685117959976,0.9643343091011048,0.0399441160261631,0.143810361623764,0.8897527456283569,0.5452913045883179,0.0948809310793876,0.8852531909942627,0.3014601171016693,0.1503469049930572,0.8591537475585938,0.584136426448822,0.0926945656538009,0.8487535715103149,0.3365397751331329,0.1367124617099762,0.8594363331794739,0.6473771333694458,0.0935874953866005,0.9359921813011168,0.3545147776603699,pushupsbad
0.5819619297981262,0.7784596681594849,-0.115380547940731,0.5882367491722107,0.743263840675354,-0.1042966023087501,0.5881391763687134,0.7399777173995972,-0.1045180633664131,0.5878244042396545,0.7359960079193115,-0.1048253551125526,0.5837774276733398,0.7399638295173645,-0.1474792510271072,0.5803159475326538,0.7339466214179993,-0.147514671087265,0.5759721398353577,0.7264935374259949,-0.1475920528173446,0.5663691759109497,0.7033454179763794,-0.0189384222030639,0.5537334680557251,0.696711003780365,-0.209187313914299,0.5689735412597656,0.7908830046653748,-0.0758780539035797,0.5627585053443909,0.7857911586761475,-0.1306842863559723,0.5138852000236511,0.7474584579467773,0.0825852304697036,0.4890901744365692,0.774868369102478,-0.2729843258857727,0.5135772228240967,0.8304498791694641,0.1781670153141021,0.5092195868492126,0.939030110836029,-0.2614319026470184,0.5301634669303894,0.8951471447944641,0.1749003827571869,0.5838393568992615,0.9546269178390504,-0.080974705517292,0.5352414846420288,0.9047688841819764,0.1717148423194885,0.6061055660247803,0.9621700644493104,-0.089681401848793,0.5367854833602905,0.9058737754821776,0.1524053663015365,0.6066999435424805,0.9299525618553162,-0.0912023335695266,0.5316096544265747,0.9032212495803832,0.163515493273735,0.5968072414398193,0.9268126487731934,-0.0783570110797882,0.2679350972175598,0.9060315489768982,0.1092163994908332,0.2556118667125702,0.896735429763794,-0.1090254262089729,0.1579297184944152,1.0453311204910278,0.2041607946157455,0.1247758194804191,0.9532313346862792,0.0335355214774608,0.1405205428600311,0.8995630741119385,0.5383765697479248,0.0944874510169029,0.8744111657142639,0.303227037191391,0.148722693324089,0.8687558770179749,0.5782492756843567,0.0923792421817779,0.8382130861282349,0.3389428257942199,0.1259566247463226,0.8763160109519958,0.6416625380516052,0.0925099030137062,0.9289304614067078,0.3551966547966003,pushupsbad
0.5810334086418152,0.7784743309020996,-0.1122378408908844,0.5875396728515625,0.7432709336280823,-0.1000467538833618,0.5874854922294617,0.7399861812591553,-0.1002767086029052,0.5871869325637817,0.7360047101974487,-0.1005913391709327,0.5829001069068909,0.7399535179138184,-0.1436696201562881,0.5794824361801147,0.7339143753051758,-0.1437096893787384,0.575260579586029,0.7264313101768494,-0.1437889784574508,0.5658156871795654,0.703133761882782,-0.012062125839293,0.5536138415336609,0.696480929851532,-0.2047133445739746,0.5682345628738403,0.790882408618927,-0.0722188428044319,0.5616916418075562,0.785643994808197,-0.1276818066835403,0.5140326619148254,0.7495346069335938,0.0861568003892898,0.4888234138488769,0.7683501243591309,-0.267394095659256,0.5157415866851807,0.8300782442092896,0.1890275627374649,0.5061793923377991,0.932948648929596,-0.2590203881263733,0.5350710153579712,0.8909083008766174,0.1965498626232147,0.5837730765342712,0.9503708481788636,-0.083731934428215,0.5411366820335388,0.8985584378242493,0.1935275942087173,0.6067285537719727,0.9606870412826538,-0.0952410772442817,0.5424278974533081,0.8991516828536987,0.1752853542566299,0.6072046160697937,0.9280523657798768,-0.0955441445112228,0.5368017554283142,0.8967227935791016,0.1855495721101761,0.5974016189575195,0.9245927333831788,-0.0811734497547149,0.2681738138198852,0.907926082611084,0.1092909425497055,0.2557673454284668,0.887748658657074,-0.1090879961848259,0.1602074652910232,1.046947360038757,0.2121128290891647,0.1248946189880371,0.9317291378974916,0.0413834936916828,0.1404188275337219,0.9061920642852784,0.5474496483802795,0.0945873036980629,0.8500007390975952,0.3183076679706573,0.1487605571746826,0.8755810260772705,0.587055504322052,0.0931272730231285,0.8132485151290894,0.3552820086479187,0.1197732836008071,0.8867881894111633,0.6456382274627686,0.0916248485445976,0.902510404586792,0.3667649030685425,pushupsbad
0.5809024572372437,0.7782720923423767,-0.0775818452239036,0.5871555209159851,0.7425230741500854,-0.0644244328141212,0.5871093273162842,0.739244818687439,-0.0646653696894645,0.5867850184440613,0.7352519631385803,-0.0649762973189354,0.5823583006858826,0.7388350963592529,-0.110114999115467,0.5788079500198364,0.7324154376983643,-0.1101714074611663,0.5746233463287354,0.7248523235321045,-0.1102965399622917,0.5655267834663391,0.7027887105941772,0.0241387542337179,0.5535529255867004,0.6960628628730774,-0.1789828389883041,0.5681228637695312,0.790790855884552,-0.0374113284051418,0.5615255236625671,0.7852113246917725,-0.0959260463714599,0.5140737891197205,0.7588836550712585,0.1244008168578147,0.4909422993659973,0.7688323259353638,-0.2517617344856262,0.5168331265449524,0.8330845832824707,0.2505746483802795,0.5078012943267822,0.9324897527694702,-0.2482004910707473,0.5376660823822021,0.8903911709785461,0.2810844779014587,0.5835791230201721,0.9486207365989684,-0.0889846310019493,0.5439245700836182,0.8960012197494507,0.2828017175197601,0.6053332090377808,0.9593462944030762,-0.1049453318119049,0.5454319715499878,0.8965520262718201,0.2617875635623932,0.606092095375061,0.9275758862495422,-0.1054117754101753,0.5396607518196106,0.8948144912719727,0.2695816159248352,0.597091794013977,0.9243607521057128,-0.0871975347399711,0.2699769735336303,0.9134992361068726,0.1119095236063003,0.2590367197990417,0.8892261385917664,-0.111673466861248,0.1623135209083557,1.0660914182662964,0.2166956514120102,0.125500738620758,0.9226391911506652,0.0403467416763305,0.1354801505804062,0.969095766544342,0.5554233193397522,0.0930841639637947,0.8601605296134949,0.3372244834899902,0.1411953121423721,0.9416770935058594,0.5952035188674927,0.0902826115489006,0.8289729952812195,0.3760759234428406,0.1096227839589119,0.9758047461509703,0.6455473303794861,0.085992120206356,0.929513931274414,0.369259774684906,pushupsbad
0.5808785557746887,0.7780902981758118,-0.097387820482254,0.5869834423065186,0.7421028017997742,-0.0847347974777221,0.5869252681732178,0.7388038635253906,-0.0849774256348609,0.5865897536277771,0.734801173210144,-0.0852837190032005,0.5820683836936951,0.7383038997650146,-0.1305002868175506,0.5784400105476379,0.731749951839447,-0.1305478662252426,0.5742518901824951,0.7241799235343933,-0.1306671649217605,0.565378725528717,0.7024793028831482,0.0041941530071198,0.5533918738365173,0.6956109404563904,-0.1990735530853271,0.5681219100952148,0.7907385230064392,-0.0569891557097435,0.5615137815475464,0.7850112915039062,-0.115521989762783,0.5164209008216858,0.7648018002510071,0.1029643639922142,0.4910654723644256,0.7691206336021423,-0.2646047174930572,0.5172461867332458,0.8340373635292053,0.2164694368839264,0.508525013923645,0.933115303516388,-0.2624775171279907,0.5391918420791626,0.8904966711997986,0.2250623404979705,0.5842445492744446,0.9481769800186156,-0.101871557533741,0.5455711483955383,0.896098256111145,0.2224798649549484,0.6061023473739624,0.958173394203186,-0.111297994852066,0.5467907190322876,0.8968234658241272,0.199817270040512,0.6067324876785278,0.9266511797904968,-0.1111714392900466,0.5408751964569092,0.8952364921569824,0.2123794257640838,0.5975679755210876,0.9236597418785096,-0.0994141995906829,0.273282527923584,0.918615996837616,0.1115995869040489,0.2607741951942444,0.8907763361930847,-0.1113697066903114,0.1628868281841278,1.0675678253173828,0.2180979400873184,0.1266537010669708,0.9143938422203064,0.0427130945026874,0.1360892653465271,0.9710575938224792,0.5557779669761658,0.0933956056833267,0.8601008057594299,0.3511694669723511,0.14153453707695,0.94400292634964,0.5960127711296082,0.0906079337000846,0.8289375901222229,0.3902599513530731,0.1099346205592155,0.973783791065216,0.641933262348175,0.0856567770242691,0.9201725125312804,0.3812092244625091,pushupsbad
0.5808607935905457,0.7780779600143433,-0.1593924313783645,0.5869352221488953,0.742016613483429,-0.1476590931415558,0.586858868598938,0.7386543154716492,-0.147892415523529,0.5864976644515991,0.7345584034919739,-0.1481952667236328,0.5820528864860535,0.7382951974868774,-0.1951533704996109,0.5784018039703369,0.7317548990249634,-0.1951964646577835,0.5741955637931824,0.7241862416267395,-0.1953411847352981,0.5651746392250061,0.7019374370574951,-0.0571758970618248,0.5533063411712646,0.6953679323196411,-0.2679031789302826,0.5681115984916687,0.7907490730285645,-0.1182621717453002,0.5614959001541138,0.7850353121757507,-0.1789627522230148,0.516437828540802,0.7676888108253479,0.039002064615488,0.4900769293308258,0.7727636694908142,-0.3179200291633606,0.5153999328613281,0.8352227210998535,0.1471900045871734,0.5087386965751648,0.9361807703971864,-0.3289650082588196,0.5381703972816467,0.8947886824607849,0.1419429183006286,0.5888193845748901,0.9493545889854432,-0.2011746764183044,0.5456140041351318,0.8995180726051331,0.1363712102174759,0.612548828125,0.9587108492851256,-0.2259033173322677,0.5468499660491943,0.901753544807434,0.1077591702342033,0.6125963926315308,0.9266865849494934,-0.2231012135744094,0.5408545732498169,0.9011834859848022,0.1267047226428985,0.6031912565231323,0.9244778752326964,-0.1995828598737716,0.2732824087142944,0.9256849884986876,0.1083475723862648,0.2604957818984985,0.8919143676757812,-0.1081148758530616,0.1628681868314743,1.0688947439193726,0.2098438292741775,0.1247357353568077,0.9091656804084778,0.0455003194510936,0.1367540806531906,0.960660457611084,0.5573056936264038,0.0930894166231155,0.8625619411468506,0.3643743097782135,0.1427705585956573,0.9319747686386108,0.6004567742347717,0.0907502248883247,0.8322893977165222,0.4037952125072479,0.1104343757033348,0.940187931060791,0.6432845592498779,0.0847825556993484,0.9181995391845704,0.3977277874946594,pushupsbad
